event,topic,filename,creator,source_platform,original_post_url,direct_image_url,language,date_published,date_found,season_or_server_era,source_status,used_in_guide,notes
progression,hero-exp,hero-exp-per-levels_unknown.png,Unknown (Discord community),Last War Tutorial Community,https://www.lastwartutorial.com/community/,https://www.lastwartutorial.com/wp-content/uploads/2024/12/hero-exp-per-levels.png,English,,2026-09-03,General,manual-download,false,High-quality image link; EXP table through hero level 150.
progression,drone-parts,drone-parts_leonardokatana.png,LeonardoKatana,Last War Tutorial Community,https://www.lastwartutorial.com/community/,https://www.lastwartutorial.com/wp-content/uploads/2024/12/image-91.png,English,,2026-09-03,General,manual-download,false,High-quality image link; drone parts required by drone level.
secret-mobile-squad,legendary-mission-probability,secret-mobile-squad_sebastian.jpg,Sebastian,Last War Tutorial Community,https://www.lastwartutorial.com/community/,https://www.lastwartutorial.com/wp-content/uploads/2024/12/secret-mobile-squad.jpg,English,,2026-09-03,General,manual-download,false,Legendary Secret Mission probability chart.
events,event-calendar,events-schedule_don-shiva.jpg,Don Shiva,Last War Tutorial Community,https://www.lastwartutorial.com/community/,https://www.lastwartutorial.com/wp-content/uploads/2024/12/events-schedule.jpg,English,,2026-09-03,General,manual-download,false,Weekly and recurring event schedule; server age can affect timing.
honorable-campaign,recommended-power,honorable-campaign_required-power_rad.png,RAD#1023499,Last War Tutorial Community,https://www.lastwartutorial.com/community/,https://www.lastwartutorial.com/wp-content/uploads/2025/07/honorable-campaign.png,English,2025-07,2026-09-03,General,manual-download,false,Recommended Tank/Aircraft/Missile squad power by campaign level 1-50.
alliance-duel,league-brackets,duel-vs-league-brackets_shey.png,Shey,Last War Tutorial Community,https://www.lastwartutorial.com/community/,,English,,2026-09-03,General,manual-download,false,Google Docs/preview on community page; collect the high-resolution chart manually.
progression,gear-upgrade-costs,gear-upgrade-costs_lastwartutorial.png,LastWarTutorial,Last War Tutorial Community,https://www.lastwartutorial.com/community/,,English,,2026-09-03,General,manual-download,false,Level 1-40 gear upgrade cost reference; preview and Google Docs source on community page.
overlord,specialized-training,gorilla-specialized-training_power-demon.png,PoWeR DeMoN,Last War Tutorial Community,https://www.lastwartutorial.com/community/,,English,,2026-09-03,Post Season 2,manual-download,false,Specialized Training item requirements by level; Google Docs source on community page.
season-1,map-planner,season-1-map-planner_glacialsyzygy.png,GlacialSyzygy #1433,Last War Tutorial Community,https://www.lastwartutorial.com/community/,,English,,2026-09-03,Season 1,manual-download,false,Season 1 map planner preview with Google Docs source.
season-2,map-buffs,season-2-map-with-resource-buffs_lazeronu.jpg,Lazeronu,Last War Tutorial Community,https://www.lastwartutorial.com/community/,https://www.lastwartutorial.com/wp-content/uploads/2025/01/season-2-map-with-resources-scaled.jpg,English,2025-01,2026-09-03,Season 2,manual-download,false,High-resolution Season 2 map showing resource buffs.
season-3,map,season-3-map_oorgo.png,Oorgo,Last War Tutorial Community,https://www.lastwartutorial.com/community/,https://www.lastwartutorial.com/wp-content/uploads/2025/01/S3-map.png,English,2025-01,2026-09-03,Season 3,manual-download,false,High-resolution Season 3 map.
season-3,map-buffs-city-level,season-3-map-buffs-city-level_icecool.png,IceCool,Last War Tutorial Community,https://www.lastwartutorial.com/community/,https://www.lastwartutorial.com/wp-content/uploads/2025/01/S3-Maps-with-buff-and-city-level-fixed.png,English,2025-01,2026-09-03,Season 3,manual-download,false,Season 3 map annotated with city levels and buffs.
arms-race,troop-waterfall,barracks-waterfall_deegaming.jpg,deegaming,Imgur,https://imgur.com/gallery/last-war-barracks-levels-to-use-waterfall-model-U0brvYg,,English,2025-08-15,2026-09-03,General,manual-download,false,Barracks levels and troop training waterfall model for maximizing VS/Arms Race points.
alliance-duel,vs-arms-race-diagram,vs-alliance-duel-diagram_reddit-season2.png,Reddit OP,Reddit,https://www.reddit.com/r/LastWarMobileGame/comments/1hkma0j/last_war_survival_game_vs_alliance_duel_diagram/,,English,2024-12-23,2026-09-03,Season 2,manual-download,false,Recreated high-resolution VS Alliance Duel diagram updated for Season 2; post includes a corrected version in comments.
zombie-siege,power-chart,zombie-siege-strength-guide_reddit.png,Multiple contributors,Reddit,https://www.reddit.com/r/LastWarMobileGame/comments/1hasv5r/zombie_siege_strength_guide/,,English,2024-12-10,2026-09-03,General / updated 2026,manual-download,false,Thread contains multiple image charts including newer 2026 additions; collect all distinct tables.
events,hot-deals-calendar,hot-deals-event-calendar_cpt-hedgehog.webp,Cpt Hedgehog,Cpt Hedgehog's Battle HQ,https://cpt-hedge.com/guides/infographics,https://cpt-hedge.com/images/guides/infographics/last-war-survival-hot-deals-events-dark-v1-2.webp,English,,2026-09-03,General,manual-download,false,Infographic index exposes canonical full-size image URL.
buildings,decorations,decorations-guide_cpt-hedgehog.webp,Cpt Hedgehog,Cpt Hedgehog's Battle HQ,https://cpt-hedge.com/guides/infographics,https://cpt-hedge.com/images/guides/infographics/decorations-guide-v1-5.webp,English,,2026-09-03,General,manual-download,false,Decoration prioritization infographic.
progression,drone-parts,drone-parts-overview_cpt-hedgehog.png,Cpt Hedgehog,Cpt Hedgehog's Battle HQ,https://cpt-hedge.com/guides/infographics,https://cpt-hedge.com/images/guides/infographics/drone-parts-overview.png,English,,2026-09-03,General,manual-download,false,Drone parts overview infographic.
progression,t11-basics,t11-troop-basics_cpt-hedgehog.png,Cpt Hedgehog,Cpt Hedgehog's Battle HQ,https://cpt-hedge.com/guides/infographics,https://cpt-hedge.com/images/guides/infographics/t11-troop-basics-dark.png,English,,2026-09-03,Season 4+,manual-download,false,T11 unlock/basic requirements infographic.
progression,t11-armament-research,t11-armament-research_cpt-hedgehog.png,Cpt Hedgehog,Cpt Hedgehog's Battle HQ,https://cpt-hedge.com/guides/infographics,https://cpt-hedge.com/images/guides/infographics/t11-armament-research-costs-v1-1.png,English,,2026-09-03,Season 4+,manual-download,false,Exact T11 Armament Research requirements infographic.
alliance-duel,rankings,vs-duel-rankings_cpt-hedgehog.png,Cpt Hedgehog,Cpt Hedgehog's Battle HQ,https://cpt-hedge.com/guides/infographics,https://cpt-hedge.com/images/guides/infographics/vs-duel-rankings.png,English,,2026-09-03,General,manual-download,false,VS Duel ranking ladder based on wins/losses.
season-4,map-locations,season-4-sushi-restaurants_cpt-hedgehog.png,Cpt Hedgehog,Cpt Hedgehog's Battle HQ,https://cpt-hedge.com/guides/infographics,https://cpt-hedge.com/images/guides/infographics/sushi-restaurant-locations.png,English,,2026-09-03,Season 4,manual-download,false,Sushi Restaurant location map.
season-1,black-market,season-1-black-market_cpt-hedgehog.webp,Cpt Hedgehog,Cpt Hedgehog's Battle HQ,https://cpt-hedge.com/guides/infographics,https://cpt-hedge.com/images/guides/infographics/season-1-black-market.webp,English,,2026-09-03,Season 1,manual-download,false,Complete Season 1 Black Market item overview.
season-2,black-market,season-2-black-market_cpt-hedgehog.webp,Cpt Hedgehog,Cpt Hedgehog's Battle HQ,https://cpt-hedge.com/guides/infographics,https://cpt-hedge.com/images/guides/infographics/season-2-black-market.webp,English,,2026-09-03,Season 2,manual-download,false,Complete Season 2 Black Market item overview.
season-3,black-market,season-3-black-market_cpt-hedgehog.webp,Cpt Hedgehog,Cpt Hedgehog's Battle HQ,https://cpt-hedge.com/guides/infographics,https://cpt-hedge.com/images/guides/infographics/season-3-black-market.webp,English,,2026-09-03,Season 3,manual-download,false,Complete Season 3 Black Market item overview.
season-4,black-market,season-4-black-market_cpt-hedgehog.webp,Cpt Hedgehog,Cpt Hedgehog's Battle HQ,https://cpt-hedge.com/guides/infographics,https://cpt-hedge.com/images/guides/infographics/season-4-black-market.webp,English,,2026-09-03,Season 4,manual-download,false,Complete Season 4 Black Market item overview.
season-5,black-market,season-5-black-market_cpt-hedgehog.webp,Cpt Hedgehog,Cpt Hedgehog's Battle HQ,https://cpt-hedge.com/guides/infographics,https://cpt-hedge.com/images/guides/infographics/season-5-black-market.webp,English,,2026-09-03,Season 5,manual-download,false,Complete Season 5 Black Market item overview.
season-6,black-market,season-6-black-market_cpt-hedgehog.webp,Cpt Hedgehog,Cpt Hedgehog's Battle HQ,https://cpt-hedge.com/guides/infographics,https://cpt-hedge.com/images/guides/infographics/season-6-black-market.webp,English,,2026-09-03,Season 6,manual-download,false,Complete Season 6 Black Market item overview.
zombie-siege,quick-reference,zombie-siege-card_lastwarvault.png,Last War Vault,Last War Vault,https://www.lastwarvault.com/cards/,,English,,2026-09-03,General,manual-download,false,Downloadable Zombie Siege quick-reference image card.
season-2,temperature-furnace,season-2-temperature-furnace-card_lastwarvault.png,Last War Vault,Last War Vault,https://www.lastwarvault.com/cards/,,English,,2026-09-03,Season 2,manual-download,false,Downloadable Season 2 temperature/furnace quick-reference image card.
season-1,outposts,season-1-outpost-guides_asho.png,ASHO contributors,ASHO Last War Alliance,https://asholastwar.com/seasons/season-1,,English,,2026-09-03,Season 1,manual-download,false,Page contains multiple image-based Outpost guides; collect each distinct infographic.
season-1,overview,season-1-feature-overview_lastwar-guide-org.png,lastwar-guide.org,lastwar-guide.org,https://lastwar-guide.org/season-1/last-war-season-1-guide-virus-resistance-map-conquest,,English,,2026-09-03,Season 1,manual-download,false,Season 1 feature-overview infographic embedded on guide page.
season-1,preseason-prep,season-1-preseason-prep_lastwar-guide-org.png,lastwar-guide.org,lastwar-guide.org,https://lastwar-guide.org/season-1/how-to-prepare-for-last-war-season-1,,English,,2026-09-03,Pre-Season 1,manual-download,false,Preseason saving/profession/troop-prep infographic.
